{
    "parent": "item/generated",
    "textures": {
        "layer0": "item/crossbow_standby"
    },
    "display": {
        "thirdperson_righthand": {
            "rotation": [ -90, 0, -60 ],
            "translation": [ 2, 0.1, -3 ],
            "scale": [ 0.9, 0.9, 0.9 ]
        },
        "thirdperson_lefthand": {
            "rotation": [ -90, 0, 30 ],
            "translation": [ 2, 0.1, -3 ],
            "scale": [ 0.9, 0.9, 0.9 ]
        },
        "firstperson_righthand": {
            "rotation": [ -90, 0, -55 ],
            "translation": [ 1.13, 3.2, 1.13],
            "scale": [ 0.68, 0.68, 0.68 ]
        },
        "firstperson_lefthand": {
            "rotation": [ -90, 0, 35 ],
            "translation": [ 1.13, 3.2, 1.13],
            "scale": [ 0.68, 0.68, 0.68 ]
        }
    },
    "overrides": [
        {
            "predicate": {
                "pulling": 1
            },
            "model": "item/crossbow_pulling_0"
        },
        {
            "predicate": {
                "pulling": 1,
                "pull": 0.58
            },
            "model": "item/crossbow_pulling_1"
        },
        {
            "predicate": {
                "pulling": 1,
                "pull": 1.0
            },
            "model": "item/crossbow_pulling_2"
        },
        {
            "predicate": {
                "charged": 1
            },
            "model": "item/crossbow_arrow"
        },
        {
            "predicate": {
                "charged": 1,
                "firework": 1
            },
            "model": "item/crossbow_firework"
        },




        {
            "predicate": {
                "pulling": 0,
		        "custom_model_data": 1
            },
            "model": "item/flintlock/flintlock_idle"
        },
        {
            "predicate": {
                "pulling": 1,
				"custom_model_data": 1
            },
            "model": "item/flintlock/flintlock_loading_0"
        },
        {
            "predicate": {
                "pulling": 1,
				"custom_model_data": 1,
                "pull": 0.167
            },
            "model": "item/flintlock/flintlock_loading_1"
        },
        {
            "predicate": {
                "pulling": 1,
				"custom_model_data": 1,
                "pull": 0.5
            },
            "model": "item/flintlock/flintlock_loading_2"
        },
        {
            "predicate": {
                "pulling": 1,
				"custom_model_data": 1,
                "pull": 0.7
            },
            "model": "item/flintlock/flintlock_loading_3"
        },
        {
            "predicate": {
                "pulling": 1,
				"custom_model_data": 1,
                "pull": 0.8
            },
            "model": "item/flintlock/flintlock_loading_4"
        },
        {
            "predicate": {
                "pulling": 1,
				"custom_model_data": 1,
                "pull": 0.9
            },
            "model": "item/flintlock/flintlock_loading_5"
        },
        {
            "predicate": {
                "charged": 1,
				"custom_model_data": 1
            },
            "model": "item/flintlock/flintlock_primed"
        },
		{
            "predicate": {
                "charged": 1,
                "firework": 1,
		        "custom_model_data": 1
            },
            "model": "item/flintlock/flintlock_firework"
        },
		
		
		
		
		
		
		
		
		
		
        {
            "predicate": {
                "pulling": 0,
		        "custom_model_data": 2
            },
            "model": "item/musket/musket_idle"
        },
		{
            "predicate": {
                "pulling": 1,
		        "custom_model_data": 2
            },
            "model": "item/musket/musket_loading_0"
        },
        {
            "predicate": {
                "pulling": 1,
                "pull": 0.167,
		        "custom_model_data": 2
            },
            "model": "item/musket/musket_loading_1"
        },
		{
            "predicate": {
                "pulling": 1,
                "pull": 0.5,
		        "custom_model_data": 2
            },
            "model": "item/musket/musket_loading_2"
        },
		{
            "predicate": {
                "pulling": 1,
                "pull": 0.7,
		        "custom_model_data": 2
            },
            "model": "item/musket/musket_loading_3"
        },
		{
            "predicate": {
                "pulling": 1,
                "pull": 0.8,
		        "custom_model_data": 2
            },
            "model": "item/musket/musket_loading_4"
        },
		{
            "predicate": {
                "pulling": 1,
                "pull": 0.9,
		        "custom_model_data": 2
            },
            "model": "item/musket/musket_loading_5"
        },
        {
            "predicate": {
                "pulling": 1,
                "pull": 1,
		        "custom_model_data": 2
            },
            "model": "item/musket/musket_loading_5"
        },
        {
            "predicate": {
                "charged": 1,
		        "custom_model_data": 2
            },
            "model": "item/musket/musket_primed"
        },
        {
            "predicate": {
                "charged": 1,
                "firework": 1,
		        "custom_model_data": 2
            },
            "model": "item/musket/musket_firework"
        }
    ]
}